dimension,group,rows,MAE,RMSE,R2,bias,median_absolute_error,baseline_MAE,MAE_improvement_percent
month,2025-09,4670,179.49719383534685,628.0475343899766,0.8300182675143009,33.640258935343276,104.84367391968703,227.3228443336537,21.038646880605903
month,2025-10,4853,182.06210221614518,659.4715123491093,0.8138645596482644,-17.488541160086378,100.60005872682859,230.8034171120935,21.118108001094416
equipment,Dry Van,5360,186.29112555633648,664.6215839915002,0.7962818642093953,15.056777415984117,103.92014350226498,225.17312176030376,17.26760099074217
equipment,Flatbed,1770,164.48428751344233,521.3700612301237,0.8817535122684546,-30.4726109170852,105.65825402914311,218.10688961349848,24.585469168387743
equipment,Reefer,2393,180.58573146062096,679.1849859217847,0.8249606134512949,18.99720574664432,98.83753982005942,246.0131797041505,26.595098816336183
distance_miles,0-250,550,112.16075142927984,165.53288003050534,0.010102045320117603,69.35043488329609,86.59417946477964,114.88279054367597,2.3694054623100924
distance_miles,250-750,3040,122.29729312936382,294.26404805630034,0.4406641118182584,-25.17577213387833,81.03110832462085,130.79295546067485,6.495504518104866
distance_miles,750-1500,3232,171.59630587907813,603.7090147815353,0.3125745718745896,-19.791806572691247,99.61070606246778,138.8756840517189,-23.561087782058145
distance_miles,1500+,2701,271.65043771398445,961.3749365844487,0.38681855953641064,64.63785483978872,152.1585165104202,470.9531047865693,42.31900481108551
missing_weight,missing,65,205.97558339193725,258.1420161208706,0.9671107841630934,119.02733685320014,178.34139313815285,182.76191453696617,-12.70158988746848
missing_weight,observed,9458,180.63130306042993,646.1087196015686,0.8209028974480992,6.818708192291808,102.66293762780674,229.41500759550112,21.264391133942475
negative_weight,corrected,59,270.582076489465,414.23809405255497,0.92419102876568,109.88753372173367,179.96952880375693,239.06907673693516,-13.181545761857727
negative_weight,other,9464,180.2446042638571,645.4298984787104,0.821150484235057,6.946825284084072,102.41354282302609,229.0344030806924,21.302388706925356
city_status,seen,9523,180.80429247779296,644.2530039708626,0.8217727820849916,7.584597183466759,103.0088881483689,229.09657316845033,21.079442622281817
lane_status,seen,9502,180.91403005509602,644.915439723491,0.8214535093489124,7.4891374869670395,102.99425615622442,229.2111483298652,21.071016234019837
lane_status,unseen,21,131.15065154761066,169.2667048231432,0.9858330387813021,50.77783699967147,117.05332464407115,177.25404060824332,26.009781724822687
