model,dimension,group,rows,MAE,RMSE,R2,bias,median_absolute_error,MAPE_percent,within_5_percent,within_10_percent,within_20_percent
CatBoost,month,2025-09,4670,125.6521638519005,627.1479792214126,0.8305048499218409,-65.31054989985536,42.981230570766,5.9238395044729515,82.95503211991435,95.11777301927195,96.80942184154175
CatBoost,month,2025-10,4853,130.41041986921147,658.3593854901457,0.8144918245779121,-68.69825263269949,41.95585086399012,7.280935285007777,84.66927673603956,94.68370080362662,95.96126107562333
CatBoost,equipment,Dry Van,5360,120.95549013628948,662.857352785915,0.797361964167976,-59.84332411532486,36.55963550194548,6.2034429101322965,87.01492537313433,95.0,96.26865671641791
CatBoost,equipment,Flatbed,1770,122.57044593446007,515.6947610509318,0.8843138120090034,-51.35940657129998,50.133618434423965,6.7394555607748705,79.09604519774011,94.68926553672317,96.72316384180792
CatBoost,equipment,Reefer,2393,148.10123542797854,682.4335922392812,0.8232821488676304,-94.74572552004724,54.41592023500925,7.446476842102294,80.19222732971166,94.81821980777268,96.3643961554534
CatBoost,weight_missing,missing,65,120.92887731068451,170.08442714363272,0.9857220707076481,-102.790247162264,86.67196449968242,4.546177581973553,58.46153846153847,95.38461538461539,100.0
CatBoost,weight_missing,observed,9458,128.12613615864495,645.2953600913964,0.8213535294795651,-66.79123725875111,42.38589669497071,6.629647693085551,84.00296045675618,94.89321209558045,96.35229435398604
XGBoost,month,2025-09,4670,129.19507912900872,622.5463485528953,0.8329830295286669,-45.10460434136401,55.777099609374886,6.009607810446093,73.0406852248394,93.6830835117773,97.62312633832977
XGBoost,month,2025-10,4853,131.8243541376227,655.5604748547066,0.8160657889629201,-50.3548848710688,51.269721679687564,6.9324500935584705,76.2621059138677,93.92128580259633,96.90912837420153
XGBoost,equipment,Dry Van,5360,125.01213695992995,658.0800155791991,0.8002723390539562,-28.622672669595755,51.62802490234367,6.450322961494301,74.57089552238806,92.63059701492537,97.08955223880596
XGBoost,equipment,Flatbed,1770,124.31648344395522,514.0730481578418,0.8850402680723366,-47.4368043633585,54.79335693359383,6.411476596924984,73.50282485875707,95.08474576271186,97.74011299435028
XGBoost,equipment,Reefer,2393,147.50496463072633,680.0037407252996,0.8245383405096178,-90.94445855465486,56.893271484374964,6.596742218410294,75.80442958629335,95.48683660676974,97.28374425407439
XGBoost,weight_missing,missing,65,83.90677227313701,115.0402484358193,0.993468156878742,-16.683759728064892,69.1286767578124,3.5581174708945134,75.38461538461539,98.46153846153847,100.0
XGBoost,weight_missing,observed,9458,130.85543137709874,641.7067336106832,0.8233349874579818,-47.99390084279368,53.18078857421881,6.499975802835099,74.67752167477269,93.77246775216747,97.24043138084161
FFN,month,2025-09,4670,179.49719383534685,628.0475343899766,0.8300182675143009,33.64025893534329,104.84367391968703,9.184409435644483,49.44325481798715,77.8372591006424,93.72591006423983
FFN,month,2025-10,4853,182.06210221614518,659.4715123491093,0.8138645596482644,-17.488541160086363,100.60005872682859,10.138841283426617,50.669688852256336,77.68390686173501,93.3237172882753
FFN,equipment,Dry Van,5360,186.29112555633648,664.6215839915002,0.7962818642093953,15.056777415984126,103.92014350226498,9.933355996195035,47.518656716417915,76.21268656716418,92.98507462686567
FFN,equipment,Flatbed,1770,164.48428751344235,521.3700612301237,0.8817535122684546,-30.47261091708518,105.65825402914334,9.546357047354345,50.282485875706215,77.11864406779661,93.954802259887
FFN,equipment,Reefer,2393,180.58573146062096,679.1849859217847,0.8249606134512949,18.997205746644333,98.83753982005942,9.174738278105526,55.62055996656916,81.69661512745508,94.40033430839951
FFN,weight_missing,missing,65,205.9755833919373,258.1420161208706,0.9671107841630934,119.02733685320014,178.34139313815285,12.816049246513597,33.84615384615385,58.46153846153847,80.0
FFN,weight_missing,observed,9458,180.63130306042993,646.1087196015686,0.8209028974480992,6.81870819229182,102.66293762780674,9.649180123906293,50.17974201733983,77.89173186720237,93.6138718545147
